Prioridade,Código do Insumo,ID FGV,EAN,Categoria,Grupo de Insumo,Descrição,Marca,Fabricante,Quantidade,Unidade de Medida,Embalagem,Observações,Busca (dropdown)
,39,39,,ALIMENTOS,FRUTA,"ABACATE, CRU",,,1,KG,granel,não coletar bandeja,"ABACATE, CRU ## 39"
,76,76,,ALIMENTOS,FRUTA,"ABACAXI, CRU",,,1,KG,granel,não coletar bandeja,"ABACAXI, CRU ## 76"
,201,201,,ALIMENTOS,HORTALIÇAS/VEGETAIS,"ABOBRINHA, ITALIANA, CRUA",,,1,KG,granel,não coletar bandeja,"ABOBRINHA, ITALIANA, CRUA ## 201"
,279,279,,ALIMENTOS,HORTALIÇAS/VEGETAIS,"ABÓBORA, CABOTIAN, CRUA",,,1,KG,granel,não coletar bandeja,"ABÓBORA, CABOTIAN, CRUA ## 279"
,16,16,,ALIMENTOS,HORTALIÇAS/VEGETAIS,"ACELGA, CRUA",,,1,KG,granel,não coletar bandeja,"ACELGA, CRUA ## 16"
,10,10,,ALIMENTOS,HORTALIÇAS/VEGETAIS,"AGRIÃO, CRU",,,1,KG,granel,não coletar bandeja,"AGRIÃO, CRU ## 10"
,224,224,,ALIMENTOS,HORTALIÇAS/VEGETAIS,"ALFACE, LISA, CRUA",,,1,KG,granel,não coletar bandeja,"ALFACE, LISA, CRUA ## 224"
,186,186,,ALIMENTOS,HORTALIÇAS/VEGETAIS,"ALHO, CRU",,,1,KG,granel,não coletar bandeja,"ALHO, CRU ## 186"
,18,18,,ALIMENTOS,CEREAIS/FARINHAS,"ARROZ, TIPO 1, CRU",,,1,KG,granel,não coletar bandeja,"ARROZ, TIPO 1, CRU ## 18"
,152,152,,ALIMENTOS,CEREAIS/FARINHAS,"AVEIA, FLOCOS, CRUA",,,1,KG,granel,,"AVEIA, FLOCOS, CRUA ## 152"
,184,184,,ALIMENTOS,ÓLEOS,"AZEITE, DE OLIVA, EXTRA VIRGEM",,,1,L,garrafa vidro ou plástica,não coletar bandeja,"AZEITE, DE OLIVA, EXTRA VIRGEM ## 184"
,302,302,,ALIMENTOS,TEMPEROS,"AÇAFRÃO, PÓ",,,1,KG,granel,não coletar bandeja,"AÇAFRÃO, PÓ ## 302"
,198,198,,ALIMENTOS,AÇÚCAR,"AÇÚCAR, REFINADO",,,1,KG,granel,não coletar bandeja,"AÇÚCAR, REFINADO ## 198"
,290,290,,ALIMENTOS,FRUTA,"BANANA, DA TERRA, CRUA",,,1,KG,granel,não coletar bandeja,"BANANA, DA TERRA, CRUA ## 290"
,167,167,,ALIMENTOS,FRUTA,"BANANA, PRATA, CRUA",,,1,KG,granel,não coletar bandeja,"BANANA, PRATA, CRUA ## 167"
,103,103,,ALIMENTOS,HORTALIÇAS/VEGETAIS,"BATATA, BAROA, CRUA",,,1,KG,granel,não coletar bandeja,"BATATA, BAROA, CRUA ## 103"
,165,165,,ALIMENTOS,HORTALIÇAS/VEGETAIS,"BATATA, DOCE, CRUA",,,1,KG,granel,não coletar bandeja,"BATATA, DOCE, CRUA ## 165"
,145,145,,ALIMENTOS,HORTALIÇAS/VEGETAIS,"BATATA, INGLESA, CRUA",,,1,KG,granel,não coletar bandeja,"BATATA, INGLESA, CRUA ## 145"
,179,179,,ALIMENTOS,HORTALIÇAS/VEGETAIS,"BERINJELA, CRUA",,,1,KG,granel,não coletar bandeja,"BERINJELA, CRUA ## 179"
,100,100,,ALIMENTOS,HORTALIÇAS/VEGETAIS,"BETERRABA, CRUA",,,1,KG,granel,não coletar bandeja,"BETERRABA, CRUA ## 100"
,232,232,,ALIMENTOS,HORTALIÇAS/VEGETAIS,"BRÓCOLIS, CRU",,,1,KG,granel,não coletar bandeja,"BRÓCOLIS, CRU ## 232"
,234,234,,ALIMENTOS,CEREAIS/FARINHAS,"CANJICA, BRANCA, CRUA",,,1,KG,granel,não coletar bandeja,"CANJICA, BRANCA, CRUA ## 234"
,212,212,,ALIMENTOS,CARNE BOVINA,"CARNE, BOVINA, ACÉM, MOÍDO, CRU",,,1,KG,granel,não coletar bandeja,"CARNE, BOVINA, ACÉM, MOÍDO, CRU ## 212"
,117,117,,ALIMENTOS,CARNE BOVINA,"CARNE, BOVINA, ACÉM, SEM GORDURA, CRU",,,1,KG,granel,não coletar bandeja,"CARNE, BOVINA, ACÉM, SEM GORDURA, CRU ## 117"
,269,269,,ALIMENTOS,CARNE BOVINA,"CARNE, BOVINA, FÍGADO, CRU",,,1,KG,granel,não coletar bandeja,"CARNE, BOVINA, FÍGADO, CRU ## 269"
,215,215,,ALIMENTOS,CARNE BOVINA,"CARNE, BOVINA, MÚSCULO, SEM GORDURA, CRU",,,1,KG,granel,não coletar bandeja,"CARNE, BOVINA, MÚSCULO, SEM GORDURA, CRU ## 215"
,138,138,,ALIMENTOS,CARNE BOVINA,"CARNE, BOVINA, PEITO, SEM GORDURA, CRU",,,1,KG,granel,não coletar bandeja,"CARNE, BOVINA, PEITO, SEM GORDURA, CRU ## 138"
,148,148,,ALIMENTOS,CARNE BOVINA,"CARNE, BOVINA, SECA, CRUA",,,1,KG,granel,não coletar bandeja,"CARNE, BOVINA, SECA, CRUA ## 148"
,86,86,,ALIMENTOS,HORTALIÇAS/VEGETAIS,"CEBOLA, CRUA",,,1,KG,granel,não coletar bandeja,"CEBOLA, CRUA ## 86"
,81,81,,ALIMENTOS,HORTALIÇAS/VEGETAIS,"CENOURA, CRUA",,,1,KG,granel,não coletar bandeja,"CENOURA, CRUA ## 81"
,12,12,,ALIMENTOS,HORTALIÇAS/VEGETAIS,"CHICÓRIA, CRUA",,,1,KG,granel,não coletar bandeja,"CHICÓRIA, CRUA ## 12"
,263,263,,ALIMENTOS,HORTALIÇAS/VEGETAIS,"CHUCHU, CRU",,,1,KG,granel,não coletar bandeja,"CHUCHU, CRU ## 263"
,133,133,,ALIMENTOS,HORTALIÇAS/VEGETAIS,"COUVE, MANTEIGA, CRUA",,,1,KG,granel,não coletar bandeja,"COUVE, MANTEIGA, CRUA ## 133"
,130,130,,ALIMENTOS,HORTALIÇAS/VEGETAIS,"COUVE-FLOR, CRUA",,,1,KG,granel,não coletar bandeja,"COUVE-FLOR, CRUA ## 130"
,113,113,,ALIMENTOS,CEREAIS/FARINHAS,"FARINHA, DE MANDIOCA, CRUA",,,1,KG,granel,não coletar bandeja,"FARINHA, DE MANDIOCA, CRUA ## 113"
,56,56,,ALIMENTOS,CEREAIS/FARINHAS,"FARINHA, DE MILHO, AMARELA",,,1,KG,granel,não coletar bandeja,"FARINHA, DE MILHO, AMARELA ## 56"
,9,9,,ALIMENTOS,CEREAIS/FARINHAS,"FARINHA, DE TRIGO",,,1,KG,granel,não coletar bandeja,"FARINHA, DE TRIGO ## 9"
,153,153,,ALIMENTOS,LEGUMINOSA,"FEIJÃO, CARIOCA, CRU",,,1,KG,granel,não coletar bandeja,"FEIJÃO, CARIOCA, CRU ## 153"
,209,209,,ALIMENTOS,LEGUMINOSA,"FEIJÃO, PRETO, CRU",,,1,KG,granel,não coletar bandeja,"FEIJÃO, PRETO, CRU ## 209"
,26,26,,ALIMENTOS,FERMENTO,"FERMENTO EM PÓ, QUÍMICO",,,1,KG,granel,não coletar bandeja,"FERMENTO EM PÓ, QUÍMICO ## 26"
,199,199,,ALIMENTOS,FERMENTO,"FERMENTO, BIOLÓGICO, LEVEDURA, TABLETE",,,1,KG,granel,não coletar bandeja,"FERMENTO, BIOLÓGICO, LEVEDURA, TABLETE ## 199"
,31,31,,ALIMENTOS,CARNE AVES,"FRANGO, COXA, SEM PELE, CRUA",,,1,KG,granel,não coletar bandeja,"FRANGO, COXA, SEM PELE, CRUA ## 31"
,219,219,,ALIMENTOS,CARNE AVES,"FRANGO, PEITO, SEM PELE, CRU",,,1,KG,granel,não coletar bandeja,"FRANGO, PEITO, SEM PELE, CRU ## 219"
,309,309,,ALIMENTOS,CARNE AVES,"FRANGO, SOBRECOXA, SEM PELE, CRUA",,,1,KG,granel,não coletar bandeja,"FRANGO, SOBRECOXA, SEM PELE, CRUA ## 309"
,181,181,,ALIMENTOS,FRUTA,"GOIABA, VERMELHA, COM CASCA, CRUA",,,1,KG,granel,não coletar bandeja,"GOIABA, VERMELHA, COM CASCA, CRUA ## 181"
,4,4,,ALIMENTOS,HORTALIÇAS/VEGETAIS,"INHAME, CRU",,,1,KG,granel,não coletar bandeja,"INHAME, CRU ## 4"
,259,259,,ALIMENTOS,FRUTA,"LARANJA, LIMA, CRUA",,,1,KG,granel,,"LARANJA, LIMA, CRUA ## 259"
,169,169,,ALIMENTOS,FRUTA,"LARANJA, PÊRA, CRUA",,,1,KG,granel,não coletar bandeja,"LARANJA, PÊRA, CRUA ## 169"
,183,183,,ALIMENTOS,LEITE,"LEITE, DE VACA, INTEGRAL, PÓ",,,1,KG,granel,não coletar bandeja,"LEITE, DE VACA, INTEGRAL, PÓ ## 183"
,203,203,,ALIMENTOS,FRUTA,"LIMÃO, TAHITI, CRU",,,1,KG,granel,não coletar bandeja,"LIMÃO, TAHITI, CRU ## 203"
,57,57,,ALIMENTOS,MACARRÃO,"MACARRÃO, TRIGO, CRU",,,1,KG,granel,não coletar bandeja,"MACARRÃO, TRIGO, CRU ## 57"
,211,211,,ALIMENTOS,FRUTA,"MAMÃO, FORMOSA, CRU",,,1,KG,granel,não coletar bandeja,"MAMÃO, FORMOSA, CRU ## 211"
,74,74,,ALIMENTOS,HORTALIÇAS/VEGETAIS,"MANDIOCA, CRUA",,,1,KG,granel,não coletar bandeja,"MANDIOCA, CRUA ## 74"
,48,48,,ALIMENTOS,FRUTA,"MANGA, PALMER, CRUA",,,1,KG,granel,não coletar bandeja,"MANGA, PALMER, CRUA ## 48"
,58,58,,ALIMENTOS,LATICÍNIOS,"MANTEIGA, SEM SAL",,,1,KG,granel,não coletar bandeja,"MANTEIGA, SEM SAL ## 58"
,137,137,,ALIMENTOS,FRUTA,"MARACUJÁ, CRU",,,1,KG,granel,não coletar bandeja,"MARACUJÁ, CRU ## 137"
,237,237,,ALIMENTOS,FRUTA,"MAÇÃ, FUJI, COM CASCA, CRUA",,,1,KG,granel,não coletar bandeja,"MAÇÃ, FUJI, COM CASCA, CRUA ## 237"
,126,126,,ALIMENTOS,FRUTA,"MELANCIA, CRUA",,,1,KG,granel,não coletar bandeja,"MELANCIA, CRUA ## 126"
,43,43,,ALIMENTOS,FRUTA,"MELÃO, CRU",,,1,KG,granel,não coletar bandeja,"MELÃO, CRU ## 43"
,55,55,,ALIMENTOS,CEREAIS/FARINHAS,"MILHO, AMIDO, CRU",,,1,KG,granel,,"MILHO, AMIDO, CRU ## 55"
,235,235,,ALIMENTOS,HORTALIÇAS/VEGETAIS,"MILHO, VERDE, CRU",,,1,KG,granel,não coletar bandeja,"MILHO, VERDE, CRU ## 235"
,141,141,,ALIMENTOS,OVO DE GALINHA,"OVO, DE GALINHA, INTEIRO, CRU",,,1,KG,granel,não coletar bandeja,"OVO, DE GALINHA, INTEIRO, CRU ## 141"
,163,163,,ALIMENTOS,FRUTA,"PEQUI, CRU",,,1,KG,granel,,"PEQUI, CRU ## 163"
,36,36,,ALIMENTOS,CARNE PEIXE,"PESCADA, BRANCA, CRUA",,,1,KG,granel,não coletar bandeja,"PESCADA, BRANCA, CRUA ## 36"
,192,192,,ALIMENTOS,CARNE SUÍNA,"PORCO, LOMBO, CRU",,,1,KG,granel,não coletar bandeja,"PORCO, LOMBO, CRU ## 192"
,129,129,,ALIMENTOS,FRUTA,"PÊRA, WILLIAMS, CRUA",,,1,KG,granel,não coletar bandeja,"PÊRA, WILLIAMS, CRUA ## 129"
,67,67,,ALIMENTOS,LATICÍNIOS,"QUEIJO, MINAS, FRESCAL",,,1,KG,granel,,"QUEIJO, MINAS, FRESCAL ## 67"
,142,142,,ALIMENTOS,HORTALIÇAS/VEGETAIS,"QUIABO, CRU",,,1,KG,granel,não coletar bandeja,"QUIABO, CRU ## 142"
,233,233,,ALIMENTOS,HORTALIÇAS/VEGETAIS,"REPOLHO, BRANCO, CRU",,,1,KG,granel,,"REPOLHO, BRANCO, CRU ## 233"
,46,46,,ALIMENTOS,HORTALIÇAS/VEGETAIS,"SALSA, CRUA",,,1,KG,granel,não coletar bandeja,"SALSA, CRUA ## 46"
,80,80,,ALIMENTOS,HORTALIÇAS/VEGETAIS,"TOMATE, SALADA",,,1,KG,granel,,"TOMATE, SALADA ## 80"
,1,1,,ALIMENTOS,HORTALIÇAS/VEGETAIS,"VAGEM, CRUA",,,1,KG,granel,,"VAGEM, CRUA ## 1"
,44,44,,ALIMENTOS,ÓLEOS,"ÓLEO, DE SOJA",,,1,L,garrafa vidro ou plástica,não coletar bandeja,"ÓLEO, DE SOJA ## 44"